start	end	text
0	7340	parlo dell'88, parlo della legge amato sulla foresta pietrificata, delle banche,
7480	11440	i primi escossoni, eccetera, io credo che sia giusto che anche lui faccia
11440	15240	di cirica qualcosa di Andreatta perché in quegli anni Andreatta era un subito
15240	19020	occupatore ed era il presidente della commissione bilancio e quindi secondo me
19020	23600	da questo dialogo sono nate molte cose e quindi è opportuno ricordarlo e poi
23600	29240	voglio anche dire, voglio anche dare un'altra unica diciamo tra virgolette
29900	33920	provocazione, stimolo, eccetera, mi ha colpito come giusto il riferimento alla
33920	40400	foresta pietrificata delle banche. Devo dire che i voli di Giuliana Amato sia
40400	44420	come ministro, sia come presidente del Consiglio, si intrecciano molto sia con
44420	47960	il sistema credititio, sia con quello che è stato il sistema delle
47960	55480	partecipazioni statali italiane perché io ricordo due fasi, la legge amato per la
55480	61380	forma del sistema bancario e poi diciamo successivamente da presidente
61380	68880	del Consiglio nel 92 diciamo che è una cosa che ha avuto un impatto simile come
68880	74400	l'ilevanza quella della legge amato quando decise di ridurre, diciamo di
74400	78500	azzerare praticamente una classe dirigente e i consigli amministrazioni
78500	85460	di IRI, ENI, EFIM passano da 19 a 3 membri, uscirono i rappresentanti della
85460	89820	politica e io ricordo, ecco se ve lo posso dire, vi racconto un piccolo
89820	94460	aneddoto che mi ha raccontato lui, quindi è una cosa, il giorno che avvenne questa
94460	96780	che fu fatta questa decisione il presidente del Consiglio dell'epoca si
96780	102820	chiamava Amato andò a Palazzo Chigi con la macchina di servizio, firmò alcune
102820	108720	carte e sparì, quindi mentre Guarino procedeva a ridurre IRI, ENI, EFIM, a
108720	112340	cacciare praticamente tutti i rappresentanti della politica 19 a tre
112600	116720	membri lui stava a casa a sfogliare qualche libro a vedere Steffi Graf che mi
116720	121880	pare che perdesse una partita a tennis, non so con chi, ecco mi ricordo benissimo
121880	126640	questa cosa, ma il bello non è questo che a un certo punto lui è staccato il
126640	129780	telefono alle 2, alle 3 del pomeriggio non mi ricordo a che ora precisamente,
129900	133580	vado a mente, Guarino comunica che l'operazione è compiuta e tutto è
133580	140000	riuscito, lui torna a Palazzo Chigi e scopre che nessuno credeva che lui non
140000	143400	ci fosse perché era andato con una macchina non quella di servizio, quindi
143400	147100	la scorta era lì e alcuni rappresentanti, non faccio nome della
147640	151520	politica, andarono girando per i collidori di Palazzo Chigi e alcuni
151520	157080	ispezionarono anche il bagno perché lì solito pasto si è nascosto lì, invece
157080	160640	stava a casa a vedere la partita a tennis. Comunque questo è un aneddoto, mi è
160640	163760	venuto in mente, l'ho raccontato, mi sembra che ci sono due elementi molto
164320	168800	importanti, legge Amato, riforma di sistema bancario e poi diciamo l'avvio di
168800	173700	questa discussione che poi riprende, quando ritorna successivamente presente
173700	177580	del Consiglio, c'è un catteggio con Monti, c'è la chiusura di Liri e tutto il resto.
179860	189000	Ma sì, intanto ecco sento molto oggi per il tema a cui mi riportate le mie
189000	195400	esperienze al tesoro e per la giornata che segue di poche ore la scomparsa di
196180	204220	sento molto Nino, che è stato parte importante delle mie esperienze al
204220	217020	governo, prima ancora che io cominciassi a diventare un attore politico. Ricordo
217020	225560	che nel governo cossiga dei tardi anni 70 si costituì per la prima volta il
225560	231920	policy staff su modello inglese che cossiga affidò al ministro senza
231920	237900	portafoglio Nino Andreatta e fu credo la prima esperienza di governo di Nino, che
237900	245840	si mise intorno un gruppo di amici, tra cui me, eravamo poi un giro fortemente
245840	252100	legato al mulino che si era formato lì a Bologna. Nino e io eravamo i professori,
252100	256580	Nino e Romano era all'inizio ancora l'assistente, ci chiamava professore
256580	265660	entrambi, mi ricordo, all'inizio degli anni 70. Nino faceva impazzire, ricordo,
265820	271060	gli usceri. Aveva un ufficetto che poi è rimasto alla presidenza del
271060	280620	Consiglio in via del Tritone che dava sul dietro su Via Rasella e ci lavoravamo in
280620	288120	occhi. Lui arrivava regolarmente alle nove e mezzo di sera e si cominciava a
288120	292620	lavorare con lui alle nove e mezzo di sera, cioè, mettiamoci nei panni dei
292620	298780	commessi, insomma, non erano particolarmente felici di questo suo
298780	305560	orario, ma per me Nino fu prezioso quando diventai la prima volta ministro
305560	310480	del Tesoro, quando avevo quei capelli ancora scuri e sembrava un ragazzino a
310480	316820	che ho potuto, ahimè, constatare ora. Lui era presidente della Commissione
316820	326320	Bilancio e praticamente fu co-ministro del Tesoro, perché ci chiudevamo nella
326320	334620	mia stanza, quella bella stanza che ha il ministro del Tesoro, e architettavamo
335220	346440	il da farsi in un Paese che aveva avuto dei miglioramenti, l'inflazione, ma che era
346440	353500	assolutamente pre-moderno nella sua gestione finanziaria, tutto pre-moderno,
354540	364600	non soltanto le banche enti pubblici, enti pubblici che ogni sportello se lo
364600	372460	e quindi, come scriveva Massimo Severo Giannini, ordinamento settoriale
372460	382420	amministrato, anziché parte di un mercato, ma il settore statale nel quale già stava
382420	392340	lievitando un debito enorme non aveva istituzioni adeguate, e qui davvero alla
392340	401200	modernità, perché il debt management è comunque una tecnica finanziaria alla quale
401200	412120	tu devi essere preparato, che tu abbia un debito pari al 10%, al 100%, al 60% del tuo
412120	418780	PIL, c'hai comunque un management del tuo debito. Quando io arrivai, Mario se lo
418780	425460	ricorda, perché lavorò con me in quegli anni, noi non avevamo un mercato dei titoli di Stato,
426260	432620	pur essendo i titoli di Stato il prodotto finanziario che correva di più in Italia,
432720	438380	per ovvie ragioni, perché era quello attraverso il quale ogni trimestre, ogni semestre noi
439140	447760	finanziavamo il nostro debito, non c'era un mercato. Il primario, quindi i collocamenti che
447760	456040	il ministro del Tesoro faceva quando emetteva, veniva in realtà concordato attraverso telefonate
456040	467500	dei tesorieri delle banche, e un mercato secondario non esisteva, e quindi quella enorme mole di titoli
467500	476440	che via via si accumulavano nello stock che si veniva formando, venivano scambiati così,
476440	487000	senza trasparenza, senza parametri, e anche lì le telefonate dei tesorieri erano la tecnologia
487000	496120	del mercato dei titoli sia primario che secondario. Noi creammo il mercato secondario dei titoli di
496120	500780	Stato, io non ricordo se tu eri in quella commissione o no, Mario, tu c'eri in quella,
500780	507500	presiedevi addirittura o la presiedeva Luigi, e non mi puoi dire sì su tutto, la presiedevi tu,
507620	518200	la presiedeva Luigi. Neanche tu te la vedi che invecchiamo, non sono solo i capelli, io ricordo
518200	526580	che ci vedevamo spesso e che tra le commissioni c'era questa, e vi dico che poi siccome gli
526820	536520	italiani sono bravi, gli italiani sono bravi quando si adeguano ai tempi, il nostro è diventato
536520	543260	con gli anni, te lo potrà confermare Giulio che è arrivato poi dopo, il mercato secondario più
543260	551680	efficiente d'Europa, tant'è vero che il mercato dei titoli europei in realtà è stato modellato
552680	562720	lo creammo noi tra l'88 e l'89 e creammo un primario un pochettino meno, come dire,
563060	573600	collusivo, offrendo i titoli in un range che poi il mercato avrebbe definito a seconda delle quantità
573640	585420	che era disposto a comparare. Arrivammo in quell'anno che l'indebitamento era consentito
585420	593080	per qualunque tipo di spesa, Goria aveva fatto un lavoro meritorio che Giorgio sfottè secondo
593080	600440	me sbagliando perché tu dicevi ma cos'è questa roba dell'avanzo primario? Ci vuole l'avanzo
600560	607300	corrente, ora è chiaro che avevi ragione che ci voleva l'avanzo corrente ma intanto passare per
607300	613860	l'avanzo primario non è che era sbagliato in un Paese che aveva disavanzo corrente e disavanzo
613860	622520	primario cioè cominciare a creare un avanzo al netto della spesa per interessi significava
622520	631140	invertire una tendenza e mettere fascine in cascina per pagare il debito. Goria questo lo
631140	638140	aveva fatto e secondo me è stato il suo grande merito tant'è vero che poi l'Europa intera ha
638140	646780	finito per fare dell'avanzo primario un criterio chiave per leggere la sostenibilità dei debiti
646780	656720	dei diversi stati membri ma non era stato fatto oltre e il poverino viene fatto di dire si affanna
656720	665940	lui o chiunque altro a reggere un avanzo primario con un indebitamento consentito tanto per spese
665940	674320	di investimento quanto per spese correnti e allora custodire o far crescere un avanzo primario diventa
674320	680920	una fatica di sisifo perché poi come puoi contenere l'indebitamento se la stessa spesa
680920	688680	corrente può farvi ricorso prima ancora che la legge lo stabilisse e fu proprio la modifica
688680	696200	della legge di contabilità dell'anno dopo a stabilirlo con Nino decidemmo che non si sarebbe
697360	704680	non ci sarebbe finanziata spesa corrente con l'indebitamento e inventammo il dpf che lo
704680	716860	inventammo di fatto oggi è un'invenzione che insomma posso dire che è stato nel tempo
716860	725420	logorato diciamo questo però a suo tempo serviva a definire quei grandi aggregati ai quali poi
725420	733820	mannevi inchiodato e non potevi più snocciolare come volevi il prodotto cominciamo a mettere il
733820	742320	naso e questa era un'idea di nino nelle prospettive di risanamento degli enti di settore delle
742320	755400	utilities chiamammo riservatamente me lo ricordo ancora quando venne nel mio ufficio sempre di
755400	763520	spagnolo di ferrovie il quale aveva scoperto di nascosto dalle ferrovie italiane che c'erano
763520	771480	chilometri e chilometri di binario occupato da vagoni comprati al solo scopo di farli produrre
771480	778580	dalle imprese italiane che producevano vagoni cioè noi eravamo ancora ed infatti era ancora
779180	787840	nell'attuazione della legge del primo novecento che assegnava alle ferrovie dello stato il
787840	796560	compito di ripartire delle sue commesse tra gli opifici del regno a ciocché vi fosse lavoro in
796560	805300	ciascuno degli opifici e lì un opificio tira l'altro c'erano insomma numerosi chilometri
805300	812280	occupati da carrozze del tutto inutilizzate cominciamo così voglio anche dire poi chiudo
812280	820340	parlerò dopo del resto che nino lo riporta io al governo quando fui presidente del consiglio
820340	827340	la prima volta chiedendogli di fare non ricordo cos'era successo ma io nella primavera del 93
827340	837420	perdevo ministri con grande frequenza di venirmi a fare da ministro del bilancio in modo da far
837420	845800	chiudere a lui la cassa del mezzogiorno io avevo tra le mie deleghe dell'estate 92 c'era anche
845800	852980	quella per la chiusura della cassa del mezzogiorno e funino a farlo e funino a farlo con grande forza
853160	862660	come solo lui poteva avere aggiungo una cosa che non so se ho mai raccontato quella lì l'avevo
862660	869120	raccontata quella di quando gli uomini dei partiti lasciarono i consigli d'amministrazione ma
873580	882900	ciampi accettò con molte remore di fare il presidente del consiglio dopo di me ponendo
882900	889620	alcune delle condizioni una delle condizioni che aveva inizialmente posto era che io gli facessi
889620	896840	da ministro degli esteri e io gli dissi inizialmente di sì perché temevo che altrimenti
896840	908500	non accettasse e quindi per invogliarlo quando vidi che ormai aveva preso il ruolo gli dissi
908500	918000	guarda che io preferisco restare fuori dal governo lui non era contento di questo gli suggerì io nino
919120	925740	e gli si guarda che nino con l'esperienza di relazioni internazionali che si è fatto
925740	933820	attraverso il lavoro di ministro finanziario rispetto al mondo come fatto oggi allora non
933820	941540	c'era ancora l'irak non c'era ancora l'afghanistan copre i tre quarti in fondo del lavoro internazionale
941540	947680	di un paese che ormai largamente finanziario e col cervello che ha del restante quarto si
947680	956600	padronirà facilmente e ciampi accettò il mio consiglio e prese nino come ministro degli esteri
957520	968040	e nino lo fece bene come ha fatto bene tutto in vita sua salvo questa questa cosa che si
968040	976080	cacciava sempre la pipa in tasca a volte lo faceva anche quando era accesa e dopo un po'
976080	980480	dovevi spengere la pipa di nino cacciandogli la mano in tasca
999500	1007380	per ora ho parlato troppo a lungo anche se ci sono molte cose che ancora direi ritengo
1007380	1013540	che ci sia un rapporto tra il tempo e l'attenzione io sono attento ma siamo al secondo filmato
1025460	1034140	il merito dell'economia e i demeriti dei governi non raggiungono il punto d'aver impedito
1034140	1044400	l'economia di crescere io tendo a metterla così e quindi se l'economia è cresciuta va bene ma i
1044400	1056640	governi possono fare qualcosa di utile per aumentare quel capitale collettivo e quel capitale sociale
1056640	1067600	che concorrono a fare poi il PIL e questo lo sanno tutti il governo non può sostituire il mercato
1068320	1074860	il governo può dare infrastrutture al mercato il governo non può sostituire l'iniziativa
1074860	1082500	imprenditoriale ma può migliorare il sistema educativo per consentire all'iniziativa imprenditoriale
1082500	1090980	di avvalersi di personale qualitativamente migliore il governo può favorire in questo
1090980	1097900	senso innovazione e tecnologia non di più perché poi l'ingresso dell'innovazione nell'impresa è
1097900	1104180	questione dell'impresa ecco non pensiamo che i governi possano fare la parte del cugino archimede
1104780	1111580	per quelli della mia generazione era quello che nutriva di innovazione e tecnologia topolino e
1111580	1121120	altri della famiglia perché questo lo fa l'impresa tuttavia per poter trasformare la
1121120	1130060	tecnologia in innovazione occorre personale che sia in grado di capire a quali condizioni
1130640	1137100	la tecnologia diventa innovazione da questo punto di vista se l'università italiana
1137100	1144660	producesse management innovativo in quantità un po' superiore rispetto a quella che attualmente
1145440	1154020	è in grado di fornire sarebbe un fatto altamente positivo e se i governi premiassero le università
1154020	1163260	o le punissero in ragione di ciò che di utile producono per il paese nel suo insieme sarebbe
1165080	1172080	privatizzazione del welfare state attenti perché non potete chiedere al privato di
1172080	1181440	muoversi secondo regole che non sono sue se voi affidate al interamente al sistema privato
1181440	1189420	l'assicurazione dalle malattie e l'assicurazione dalla disoccupazione un bravo assicuratore
1190820	1198760	assicurerà l'occupato e non il disoccupato il sano e non il malato perché compito dell'assicuratore
1199620	1207620	davanti ai suoi azionisti è minimizzare il rischio che fa correre al loro investimento quindi non
1207620	1215760	possiamo chiedere all'assicurazione privata di assumere determinati rischi è sbagliato se lo
1216760	1225380	comincerebbe a funzionare male e bene perciò ripartire tra pubblico e privato rischi c'è una
1225380	1233380	parte del welfare che sul privato ci va ed è la pensione integrativa quella sì che ci può andare
1233380	1242460	ma ci sono delle parti che altri hanno sperimentato ma che non possono funzionare chi ha provato a
1242460	1249180	privatizzare l'indennità di disoccupazione si è trovato che le assicurazioni preferivano
1249180	1256500	esclusivamente quelli con lavori stabili che correvano il rischio più basso di restare disoccupati ed
1256500	1264120	è noto che per chiunque viva negli stati uniti che hanno un'assicurazione sanitaria largamente
1264120	1272840	privata raggiunta una certa età assicurarsi contro l'Alzheimer diventa impossibile perché
1272840	1281480	non trovi più un'assicurazione disposta a farlo e bene che queste cose siano chiare al di fuori
1281480	1293160	delle ideologie che portano a non capire e a distorcere l'euro a 1500 lire ecco a parte il
1293160	1301700	che siamo tutti legati l'uno all'altro perché sono valori relativi alle varie monete quelli che a
1301700	1311200	quel tempo erano in gioco per cui l'euro se fosse stato l'euro a 1500 lire anche il marco sarebbe
1311200	1317280	stato ad un valore diverso e anche il franco sarebbe stato ad un valore diverso il risultato
1317280	1324960	sarebbe stata una gigantesca rivalutazione dell'euro e delle nostre ex monete rispetto
1324960	1335540	al dollaro quanto una cosa simile fosse utile alle economie europee ammesso che le regole le
1335540	1342160	regole erano state stabilite quindi erano fotografie di valori relativi in atto quindi
1342160	1348700	questo discorso è del tutto astratto non c'era la libertà di scegliere un valore di cambio
1348700	1355500	molti di noi hanno pensato l'ho pensato anch'io se avessimo fatto un euro mille lire un euro
1355500	1362880	un marco non ci avrebbero fregato in pizzeria quando dopo due anni la pizza da 7000 lire era
1362880	1369900	passata a 7 euro che era esattamente il raddoppio del prezzo me ne rendo perfettamente conto però
1369900	1375900	non è che si fosse liberi di fare una cosa del genere perché i valori relativi erano quelli
1375900	1383060	che erano e se l'avessimo fatto un euro mille lire avremmo provocato una gigantesca rivalutazione
1384140	1399880	rispetto ai valori in essere di questa moneta europea con altre conseguenze sulle nostre
1399880	1406120	Voleva fare una domanda il presidente Monti voleva integrare una domanda sul e lo faccia
1407820	1413680	ci vuole un microfono perché prima di rispondere così si articola la domanda diventa una cosa
1413680	1419680	un po più impegnativa chiedo scusa ma vorrei integrare la domanda di Giorgio Lamal all'abuso
1419680	1428960	del signoraggio e quindi il signore che spremeva dalla moneta a svantaggio dei sudditi l'euro è
1429260	1437120	una moneta senza stato ma è anche una moneta senza signore che possa abusare di essa come vedi
1437120	1447460	questo è un argomento a cui sono molto sensibile io mi sto sforzando in altro campo di metterlo
1447460	1454140	in gioco più di quanto non sia in un paese come l'italia che ha alcune pudicizie che sono
1457960	1464380	trasversali rapporto tra pensione pubblica e pensione privata quindi questa illusione che
1464380	1470160	si tende a generare che la pensione pubblica è più solida ma chi l'ha detto la pensione pubblica
1470160	1477560	è esposta ad un rischio politico elevatissimo perché i governi da numerosi anni non fanno
1478560	1488480	rapporto contribuzione beneficio e cioè quanto più il pubblico è in condizioni di dirigere
1488480	1498020	gestire modificare tanto più colui che è come dire destinatario del prodotto del servizio è
1498020	1504560	esposto a quello che gli economisti chiamano il rischio politico appunto e una moneta ha dei
1504560	1515500	vantaggi dall'avere uno stato ma ha appunto anche dei grossi svantaggi in realtà questa
1515500	1525120	scelta fu fatta fin dall'inizio non dimentichiamo che il rapporto dell'or dal quale nasce la moneta
1526060	1538020	degli anni 80 già dice che avremo il coordinamento delle politiche economiche e finanziarie e non la
1538020	1546640	politica economica unica quindi nel momento in cui nasce la moneta unica nasce con una
1546640	1554740	decisione già acquisita dagli stati membri di farla convivere col coordinamento e non
1554740	1565160	delle politiche economiche quindi è come dire un marchio d'origine della cui presenza e delle
1565160	1575180	cui implicazioni coloro che arrivano a metà degli anni 90 e danno concreta attuazione all'euro non
1575640	1585840	sono che prendere atto io sono tra quelli convinti che così com'è il coordinamento delle
1585840	1592140	politiche economiche e finanziarie e ben più debole di quanto potrebbe essere pur restando
1592140	1601000	coordinamento io giro per l'euro dicendo il futuro del governo sovranazionale non è degli
1602460	1609620	ermafroditi e non c'è nessuna ermafrodita essendo un'organizzazione mista che ha tratti
1609620	1618260	internazionalistici e tratti domestici esattamente come l'euro e non c'è nessuna ragione per essere
1618260	1626160	infelici per il fatto di avere un sistema del genere la governance del futuro è questa le
1626160	1636140	vite stanno a metà tra un mercato globalizzato e un mercato domestico e quindi le organizzazioni
1636140	1643800	di governance sono destinate a riflettere questa nostra doppia natura chi pensa che la governance
1643800	1652120	sovranazionale potrà trasferire al di sopra dei vecchi stati lo statalismo si sbaglia
1652120	1661120	assolutamente e rischia di andare a sbattere con le sue aspettative detto questo non è detto che
1661120	1669660	l'ermafrodita debba avere un coordinamento economico così debole come quello che abbiamo oggi da noi
1669660	1677820	in europa però questo va affrontato non ponendo all'euro dei compiti impossibili ma partendo da
1677820	1686220	queste due premesse finisco subito la prima è che l'euro per il momento non è la moneta dei 27 ma
1686220	1694460	continua ad essere la moneta dei 12 e mezzo che potranno diventare 15 tra due tre anni e poi si
1694460	1705100	vedrà secondo che nessuno impedisce ai paesi dell'euro di adottare fra di loro moduli di
1705100	1712800	coordinamento economico e finanziario di gran lunga superiori a quelli che riguardano gli altri
1713980	1722980	paesi dandosi una cooperazione rafforzata che è funzionale alla loro condizione da questo punto
1722980	1731820	di vista io ti do ragione non fino al punto di dire che ad esserci lo stato ma fino al punto di
1731820	1740120	dire che il metodo di coordinamento aperto è fallito questa è la mia personale opinione ha
1740120	1748020	portato ad un sacco di elaborazioni ma gira gira è un metodo di coordinamento volontario di politiche
1748020	1761480	nazionali che rimangono quasi esclusivamente affidate alle variabili nazionali e che non
1761480	1771560	fa parte qui in effetti è auspicio una delle ragioni per cui ritengo utile che venga approvato
1771560	1778200	sia pure in forma semplificata e volevo chiedere per quanto riguarda l'informazione il mondo
1778200	1784100	dell'informazione io so che in quei giorni l'allora primo ministro chiese parlò spessissimo
1784100	1789480	coi direttori dei giornali e anche dei telegiornali per quanto mi riguarda perché c'era il problema
1789480	1794360	del rinnovo dei titoli di stato ecco del rischio del non rinnovo dei titoli di stato
1794360	1801840	volevo un commento su questo grazie. Allora io do la parola per chiudere questi 5 interventi
1801840	1806460	voglio solo dire a chi ha fatto l'intervento sul tesoreto a chi darlo la mia opinione ovviamente
1806460	1809720	non vale niente comunque io darei tutto a riduzione del debito pubblico perché sennò
1810340	1817480	noi adesso assistiamo a questa a questa spasmodica lotta per cui cominceranno un po alle imprese un
1817700	1822520	po alle famiglie un po ai cittadini alla fine invece quello c'è un po dando al debito
1822520	1827340	pubblico si dà a tutti e siccome una cosa su cui dobbiamo convivere questo ci eviterebbe
1827340	1830540	perché questa è una mia opinione un'opinione che abbiamo espresso come giornale comunque
1831360	1839840	ovviamente do la parola a giuliana matto. Volevo dire una cosa che forse non vi aspettate
1839840	1849820	da me sulla gestione dell'euro anch'io ho criticato il governo che subentrò che pose
1849820	1857700	fine troppo rapidamente a controlli perché questa cosa della doppia circolazione che
1857700	1863860	venne rispettata nelle regole ma potevano prolungarsi le regole che confidò non fu
1863860	1869220	giulio ma lo ricordo il ministro delle attività produttive che poi è un mio caro amico mio
1869220	1880460	vecchio collega di facoltà antonio marzano ai primi cenni di crescita dei prezzi diceva
1880460	1887080	che il mercato avrebbe risolto il problema e insisteva a dire che il mercato lo avrebbe
1887080	1899200	risolto in realtà il mercato qui aveva bisogno di essere un pochettino strattonato ma qui
1899200	1908120	struttura commerciale che non era riuscita a creare quelle condizioni concorrenziali
1908120	1916680	che invece aveva il consumatore austriaco e il consumatore tedesco i quali erano furono
1916680	1924640	in condizioni di resistere al tentativo che ci fu di aumento dei prezzi da parte di diversi
1924640	1934340	esercizi organizzandosi in modo da comprare laddove i prezzi non erano cresciuti noi dobbiamo
1934340	1943880	alla ignavia delle nostre regioni se la riforma berzani sul commercio riforma berzani del
1943880	1952120	vecchio berzani è rimasta fondamentalmente al palo e se i nostri consumatori si trovarono
1952310	1962070	avanti a esercizi commerciali di prossimità con un prezzo alto e grande distribuzione
1962070	1970190	generalmente con un unico prezzo quasi leggermente più basso ma non c'era una condizione concorrenziale
1970190	1978630	quindi di questo dobbiamo renderci conto in realtà e questo rendeva utili quei gli interventi
1978630	1987070	un po' artificiosi che erano mantenere anch'io penso che mantenere più a lungo la doppia
1987070	1995430	cifratura ancorché scomodo per i commercianti sarebbe stato essenziale perché prima di
1995430	2004170	portare la pizza da 7.000 lire a 7 euro e tu ci pensi un po' di più in effetti al di là
2004170	2013830	dell'apparenza del nome quella notte della storia della rapina questa risale a luglio
2013830	2021130	ai 30.000 miliardi che io dovetti fare appena il governo ebbe la fiducia per riequilibrare
2021130	2028950	i conti di quell'esercizio e non in conto finanziaria dell'esercizio successivo avevo
2028950	2038350	per arrivare a 30.000 di 6 7.000 miliardi arrivai alle 4 di notte rifiutando aumenti
2038350	2045550	dell'irpef e dell'iva che la fantasia del ministero delle finanze di allora mi offriva
2046130	2054870	senza ulteriori alternative l'irpef non la volevo aumentare perché avrei dovuto gravare sui redditi
2054870	2065710	bassi l'iva mi creava in quel momento un problema sui prezzi ricordo che mi prese goria da parte
2065710	2073130	verso le 4 di notte e mi disse di chiudere la riunione e che lui andava a studiare questa
2073130	2082250	ipotesi del 6 per mille io la racconto come l'ho vissuta io gli disse che meritava studiarla e che
2082250	2092190	tuttavia era fondamentale sentire Ciampi per capire come secondo lui l'avrebbe presa il risparmiatore
2092190	2101750	era abbastanza evidente che si poneva un problema di poi loyalty del risparmiatore se la misura
2101750	2109870	l'avesse messa a repentaglio o meno disse a goria che gli avrei dato il tempo necessario e che il
2109870	2117510	consiglio dei ministri avrebbe trattato altre cose prima del suo arrivo per affrontare questa
2117510	2126910	questione quando lui arrivò io feci un errore e cioè gli si bilai a distanza allora il ministro
2126910	2133810	del tesoro era in quel punto lì rispetto al presidente del consiglio a metà del tavolo
2133810	2144330	circolare sulla sinistra e gli si bilai della serie read my lips quindi lui doveva capire hai
2144330	2154830	parlato con Ciampi e vedi lui fare cenno sì con la testa probabilmente non aveva capito lui non
2154830	2163270	aveva parlato con Ciampi ma io gli feci illustrare da provare la misura come se Ciampi fosse stato
2163830	2170430	e mi ero affidato questo fu un errore di leggerezza da parte mia perché la verifica con Ciampi
2171070	2178950	meritava qualcosa di più di un misunderstanding a distanza e quindi di un cenno sì a parole che
2178950	2191950	forse non aveva capito detto questo della misura era criticabile perché poteva mettere a
2193110	2202270	fece non era a mio avviso criticabile come lo fu per gli effetti che produce salvo qualche caso
2202270	2211710	ma neanche nel caso di quello che aveva proprio smobilitato quel giorno i suoi risparmi e l'aveva
2211710	2219470	messi sul conto per andare dal notaio a comprarsi casa è quello il personaggio più colpito perché
2219470	2227050	io vorrei far riflettere chiunque e non c'è stata riflessione su questo su quanto poco sia il 6
2227050	2235110	per mille in realtà rispetto a somme non particolarmente elevate naturalmente perché
2235730	2243250	se il mille mille miliardi il 6 per mille di mille miliardi e tanto sono 6 miliardi ma rispetto
2243250	2251250	alle somme del piccolo risparmiatore fu una piccola imposta mobiliare che ebbe effetti sociali
2252010	2255250	molto meno ingiusti di quanto sarebbe stato una
