politician,speech_id,n_chars,self_sim,threshold,is_outlier
forlani,39460.0,39,0.004382961834488755,0.5285485636855317,True
amato,139345.0,2201,0.013084292490289523,0.6958575793325631,True
craxi,230045.0,4676,0.016491752222592037,0.21399311836283857,True
craxi,39939.0,284,0.01649175222259204,0.21399311836283857,True
prodi,248829.0,112,0.019618709178932967,0.5494158906605255,True
amato,158027.0,439,0.04381238259667616,0.6958575793325631,True
monti,201536.0,782,0.04965339937222075,0.6883838247262372,True
amato,162317.0,404,0.052748062548983274,0.6958575793325631,True
amato,44489.0,809,0.05274806254898328,0.6958575793325631,True
amato,162470.0,1187,0.05274806254898328,0.6958575793325631,True
amato,80924.0,1781,0.05274806254898329,0.6958575793325631,True
letta,147579.0,486,0.053642662076254274,0.6610842185581081,True
prodi,142976.0,1619,0.056793414500384914,0.5494158906605255,True
prodi,105433.0,134,0.05679341450038492,0.5494158906605255,True
prodi,89372.0,1592,0.05679341450038493,0.5494158906605255,True
conte,156269.0,351,0.057215655498760246,0.41487603651783356,True
letta,154530.0,863,0.05826582103963773,0.6610842185581081,True
letta,143432.0,431,0.05826582103963773,0.6610842185581081,True
letta,74665.0,431,0.05826582103963773,0.6610842185581081,True
letta,151325.0,917,0.05826582103963773,0.6610842185581081,True
letta,121291.0,998,0.05826582103963774,0.6610842185581081,True
dini,106222.0,782,0.05902666657230757,0.5438047711838553,True
dini,246615.0,485,0.05902666657230757,0.5438047711838553,True
d'alema,116242.0,134,0.06369136954541513,0.6541717992406154,True
d'alema,143895.0,1133,0.06369136954541514,0.6541717992406154,True
d'alema,157908.0,4778,0.06369136954541514,0.6541717992406154,True
d'alema,124913.0,890,0.06369136954541514,0.6541717992406154,True
d'alema,146104.0,1160,0.06369136954541516,0.6541717992406154,True
d'alema,105561.0,917,0.06369136954541517,0.6541717992406154,True
d'alema,107312.0,377,0.0636913695454152,0.6541717992406154,True
andreotti,23204.0,53,0.06630769157891146,0.5949400521546582,True
andreotti,150839.0,1079,0.06630769157891146,0.5949400521546582,True
andreotti,148546.0,1592,0.06630769157891146,0.5949400521546582,True
de mita,117174.0,1052,0.0663769150215427,0.6566228235722846,True
letta,129801.0,1891,0.06847695911143419,0.6610842185581081,True
andreotti,13196.0,378,0.07177452726905738,0.5949400521546582,True
letta,138408.0,984,0.07387020146879872,0.6610842185581081,True
amato,79601.0,439,0.07390546865551166,0.6958575793325631,True
berlusconi,105434.0,106,0.07444656424387988,0.5774101407240816,True
fanfani,75293.0,323,0.07772449306466044,0.57930082557577,True
andreotti,13204.0,807,0.07896024961744108,0.5949400521546582,True
berlusconi,129585.0,53,0.07913934889895312,0.5774101407240816,True
berlusconi,165008.0,1673,0.07913934889895312,0.5774101407240816,True
berlusconi,112642.0,215,0.07913934889895312,0.5774101407240816,True
berlusconi,390627.0,836,0.07913934889895312,0.5774101407240816,True
berlusconi,163004.0,458,0.07913934889895313,0.5774101407240816,True
berlusconi,75146.0,269,0.07913934889895313,0.5774101407240816,True
berlusconi,24271.0,566,0.07913934889895315,0.5774101407240816,True
forlani,32272.0,242,0.08082795805354638,0.5285485636855317,True
forlani,58745.0,2969,0.08082795805354641,0.5285485636855317,True
prodi,205750.0,275,0.08399253327054611,0.5494158906605255,True
berlusconi,84269.0,1515,0.08467942692299232,0.5774101407240816,True
d'alema,254557.0,307,0.0855984968959682,0.6541717992406154,True
d'alema,145295.0,175,0.0855984968959682,0.6541717992406154,True
berlusconi,60754.0,1642,0.08890111103820846,0.5774101407240816,True
amato,250513.0,1046,0.08943960768065036,0.6958575793325631,True
meloni,261981.0,439,0.08978460476822404,0.5394966071212911,True
meloni,207064.0,615,0.08978460476822404,0.5394966071212911,True
meloni,,571,0.08978460476822404,0.5394966071212911,True
andreotti,91404.0,219,0.09024617555275921,0.5949400521546582,True
degasperi,228.0,2468,0.09054086167269454,0.47938160068583846,True
d'alema,31022.0,834,0.09110140536120806,0.6541717992406154,True
dini,151890.0,10810,0.09157729182649595,0.5438047711838553,True
ciampi,116242.0,26,0.09294060633557194,0.5154356082000339,True
ciampi,129584.0,134,0.09294060633557195,0.5154356082000339,True
meloni,735406.0,1603,0.09380504843324221,0.5394966071212911,True
renzi,290276.0,2239,0.09423155482511959,0.6171134762943974,True
letta,135495.0,608,0.09510817188075886,0.6610842185581081,True
monti,110197.0,1703,0.09676781546829927,0.6883838247262372,True
prodi,410793.0,34511,0.09689033355960826,0.5494158906605255,True
de mita,30119.0,131,0.09771123399401786,0.6566228235722846,True
berlusconi,102364.0,219,0.1017946639171168,0.5774101407240816,True
berlusconi,150655.0,175,0.10179466391711682,0.5774101407240816,True
berlusconi,317479.0,43,0.10179466391711682,0.5774101407240816,True
forlani,43017.0,87,0.10232188305148743,0.5285485636855317,True
prodi,90291.0,10090,0.1061855255977233,0.5494158906605255,True
goria,58734.0,2772,0.11116104036184678,0.4647971470165935,True
amato,267125.0,8742,0.11120040952709602,0.6958575793325631,True
prodi,243008.0,683,0.1141670318298612,0.5494158906605255,True
amato,236715.0,3956,0.11432496753740348,0.6958575793325631,True
amato,159611.0,3023,0.11480681950099007,0.6958575793325631,True
spadolini,52529.0,485,0.11577081546159206,0.5937424013789996,True
spadolini,44489.0,566,0.11577081546159208,0.5937424013789996,True
spadolini,79632.0,53,0.11577081546159208,0.5937424013789996,True
letta,233483.0,14043,0.11875196912227466,0.6610842185581081,True
d'alema,121691.0,1361,0.11981586490364442,0.6541717992406154,True
prodi,102797.0,3276,0.12092196831444765,0.5494158906605255,True
d'alema,144298.0,753,0.12176819631971304,0.6541717992406154,True
meloni,,6206,0.12280942564088428,0.5394966071212911,True
ciampi,218726.0,43,0.12488186923669016,0.5154356082000339,True
goria,39004.0,1238,0.12667663115377079,0.4647971470165935,True
amato,147136.0,2047,0.1286452596718777,0.6958575793325631,True
dini,85310.0,1743,0.13008700149120872,0.5438047711838553,True
berlusconi,17074.0,1546,0.13015263203455463,0.5774101407240816,True
berlusconi,107005.0,5217,0.13142255165183372,0.5774101407240816,True
craxi,27249.0,1806,0.13935198324028483,0.21399311836283857,True
amato,151889.0,22470,0.14031907832706822,0.6958575793325631,True
spadolini,12838.0,1011,0.14104658848524515,0.5937424013789996,True
spadolini,42385.0,87,0.14104658848524518,0.5937424013789996,True
cossiga,119008.0,395,0.14430227624906164,0.3336167313739806,True
cossiga,102948.0,87,0.14430227624906167,0.3336167313739806,True
cossiga,245869.0,1231,0.1443022762490617,0.3336167313739806,True
craxi,35607.0,1727,0.14515224614864347,0.21399311836283857,True
craxi,26835.0,1916,0.1451522461486435,0.21399311836283857,True
cossiga,44388.0,188,0.14699581356744493,0.3336167313739806,True
cossiga,107647.0,647,0.14699581356744493,0.3336167313739806,True
cossiga,116156.0,161,0.14699581356744493,0.3336167313739806,True
cossiga,116242.0,539,0.14699581356744493,0.3336167313739806,True
cossiga,144319.0,188,0.14699581356744493,0.3336167\textbf{}313739806,True
cossiga,157846.0,377,0.14699581356744493,0.3336167313739806,True
cossiga,206103.0,1160,0.14699581356744493,0.3336167313739806,True
cossiga,105433.0,539,0.14699581356744493,0.3336167313739806,True
cossiga,129584.0,431,0.14699581356744496,0.3336167313739806,True
cossiga,144326.0,215,0.14699581356744496,0.3336167313739806,True
degasperi,432.0,2183,0.14794772472765222,0.47938160068583846,True
dini,105171.0,6814,0.14899939612095126,0.5438047711838553,True
draghi,321807.0,23961,0.15178559765811442,0.8241737423300463,True
craxi,23993.0,3436,0.15587483541171032,0.21399311836283857,True
amato,158816.0,7078,0.15777694051536062,0.6958575793325631,True
cossiga,149045.0,1340,0.16132427001812252,0.3336167313739806,True
berlusconi,115306.0,327,0.16263940096977658,0.5774101407240816,True
prodi,90579.0,5276,0.16408083312148988,0.5494158906605255,True
spadolini,52665.0,690,0.1664944320396108,0.5937424013789996,True
amato,267200.0,11475,0.16763225109247146,0.6958575793325631,True
cossiga,105561.0,1529,0.16789476843164275,0.3336167313739806,True
cossiga,93350.0,31338,0.16834107213140861,0.3336167313739806,True
prodi,83115.0,1888,0.17007957319011846,0.5494158906605255,True
ciampi,129586.0,111,0.17363004377087585,0.5154356082000339,True
craxi,39292.0,439,0.1752161444907769,0.21399311836283857,True
craxi,8614.0,1715,0.17521614449077694,0.21399311836283857,True
craxi,29797.0,219,0.17521614449077694,0.21399311836283857,True
craxi,32272.0,351,0.17521614449077694,0.21399311836283857,True
d'alema,72834.0,4195,0.17765395125481043,0.6541717992406154,True
berlusconi,116242.0,1399,0.1902955007406602,0.5774101407240816,True
prodi,346793.0,23291,0.19300452329766488,0.5494158906605255,True
andreotti,45050.0,7816,0.20063324882593425,0.5949400521546582,True
meloni,,2952,0.2007525934733551,0.5394966071212911,True
monti,159582.0,16391,0.20170446993759922,0.6883838247262372,True
letta,310471.0,1416,0.21143507666396058,0.6610842185581081,True
letta,117838.0,6548,0.21160142291002693,0.6610842185581081,True
ciampi,147143.0,9807,0.21321530993789595,0.5154356082000339,True
de mita,141490.0,403,0.2156504909873428,0.6566228235722846,True
prodi,105800.0,16899,0.22141975097286756,0.5494158906605255,True
meloni,,9012,0.22172957913169047,0.5394966071212911,True
amato,456127.0,224,0.22472157794118605,0.6958575793325631,True
berlusconi,193438.0,168,0.2294498385867559,0.5774101407240816,True
amato,161379.0,42137,0.2324074491175375,0.6958575793325631,True
draghi,329983.0,218,0.23408432929628234,0.8241737423300463,True
degasperi,434.0,455,0.2411522058595123,0.47938160068583846,True
prodi,205347.0,153,0.25066316267100497,0.5494158906605255,True
renzi,158966.0,537,0.25242047697952735,0.6171134762943974,True
berlusconi,229245.0,1293,0.2560333892012444,0.5774101407240816,True
cossiga,46933.0,255,0.2571328791910372,0.3336167313739806,True
prodi,206259.0,263,0.2581863993344229,0.5494158906605255,True
berlusconi,223485.0,4402,0.2605110616037106,0.5774101407240816,True
meloni,,6024,0.2606316969035002,0.5394966071212911,True
letta,135108.0,532,0.266168653619662,0.6610842185581081,True
degasperi,79.0,291,0.26863262593950316,0.47938160068583846,True
dini,117274.0,3838,0.26864208158773334,0.5438047711838553,True
berlusconi,161304.0,307,0.27402824374152696,0.5774101407240816,True
degasperi,394.0,721,0.2761644809377566,0.47938160068583846,True
degasperi,443.0,359,0.28065646842126285,0.47938160068583846,True
berlusconi,81806.0,2550,0.28327528770123406,0.5774101407240816,True
prodi,82028.0,278,0.28464236912240304,0.5494158906605255,True
amato,364359.0,7592,0.28611166102012875,0.6958575793325631,True
renzi,680563.0,300,0.28694871071657707,0.6171134762943974,True
degasperi,83.0,264,0.2889046424093635,0.47938160068583846,True
berlusconi,261731.0,330,0.29062611340389227,0.5774101407240816,True
andreotti,45826.0,9701,0.292520198035081,0.5949400521546582,True
cossiga,155773.0,1979,0.297821141377815,0.3336167313739806,True
conte,562042.0,387,0.29846372020324224,0.41487603651783356,True
prodi,222335.0,332,0.2986420141383642,0.5494158906605255,True
degasperi,188.0,761,0.30221315930520903,0.47938160068583846,True
degasperi,437.0,594,0.30363197300819655,0.47938160068583846,True
dini,294934.0,242,0.3062088335993985,0.5438047711838553,True
berlusconi,139901.0,647,0.30729781714002896,0.5774101407240816,True
de mita,25851.0,1023,0.3102923110630726,0.6566228235722846,True
leone,100384.0,455,0.3131288334347098,0.48186183201515875,True
prodi,487423.0,44949,0.31333974968955,0.5494158906605255,True
dini,224340.0,244,0.31556080036688916,0.5438047711838553,True
amato,159582.0,5094,0.3162090792683298,0.6958575793325631,True
de mita,45818.0,9196,0.3190688490576491,0.6566228235722846,True
prodi,237292.0,283,0.3194144388291468,0.5494158906605255,True
conte,782769.0,364,0.323662111534587,0.41487603651783356,True
dini,95016.0,3100,0.3263403955513109,0.5438047711838553,True
berlusconi,163615.0,10878,0.32780099610151625,0.5774101407240816,True
prodi,236970.0,239,0.3299215535422423,0.5494158906605255,True
berlusconi,69896.0,512,0.3327104849259665,0.5774101407240816,True
berlusconi,76575.0,6011,0.3348907878795169,0.5774101407240816,True
amato,305587.0,24097,0.3354542424402299,0.6958575793325631,True
de mita,43012.0,687,0.33753167744080714,0.6566228235722846,True
spadolini,9977.0,543,0.33933238738924626,0.5937424013789996,True
dini,94727.0,1739,0.339883416382723,0.5438047711838553,True
ciampi,133744.0,1234,0.34357075637732687,0.5154356082000339,True
degasperi,408.0,632,0.344148396126219,0.47938160068583846,True
berlusconi,129463.0,380,0.3480639609533177,0.5774101407240816,True
degasperi,194.0,456,0.35338364557828733,0.47938160068583846,True
andreotti,159004.0,4694,0.35567602296265927,0.5949400521546582,True
letta,121788.0,816,0.3585447954790655,0.6610842185581081,True
andreotti,75055.0,797,0.3609095704186478,0.5949400521546582,True
degasperi,102.0,643,0.3609433067293972,0.47938160068583846,True
d'alema,137549.0,12738,0.36370040834853656,0.6541717992406154,True
dini,128219.0,683,0.3638531774723836,0.5438047711838553,True
prodi,241595.0,576,0.36431339600991286,0.5494158906605255,True
d'alema,116244.0,2231,0.3746918029904457,0.6541717992406154,True
d'alema,110194.0,16508,0.3764530887514537,0.6541717992406154,True
degasperi,453.0,403,0.37701745964311667,0.47938160068583846,True
prodi,100401.0,12126,0.3772274946507335,0.5494158906605255,True
degasperi,220.0,366,0.37813297504446586,0.47938160068583846,True
amato,226398.0,1433,0.381612469776184,0.6958575793325631,True
amato,159719.0,634,0.3853280220642029,0.6958575793325631,True
degasperi,407.0,700,0.3869326022240718,0.47938160068583846,True
dini,98842.0,763,0.38832633700921604,0.5438047711838553,True
d'alema,111959.0,8877,0.39079520790422767,0.6541717992406154,True
d'alema,126114.0,8805,0.39112901585467486,0.6541717992406154,True
degasperi,237.0,1042,0.3924322463864338,0.47938160068583846,True
berlusconi,105433.0,322,0.3927838009792238,0.5774101407240816,True
andreotti,110192.0,7448,0.3932136194080329,0.5949400521546582,True
prodi,219002.0,294,0.39470620847598037,0.5494158906605255,True
d'alema,209097.0,1434,0.3950240388166382,0.6541717992406154,True
berlusconi,140911.0,529,0.3956311002343425,0.5774101407240816,True
prodi,118852.0,5109,0.3963081138730335,0.5494158906605255,True
degasperi,197.0,551,0.39720515775333193,0.47938160068583846,True
prodi,253127.0,433,0.3977630172221803,0.5494158906605255,True
dini,146080.0,811,0.39870194471650805,0.5438047711838553,True
meloni,520587.0,597,0.399318270893377,0.5394966071212911,True
forlani,35069.0,1093,0.4013857158920882,0.5285485636855317,True
degasperi,99.0,520,0.4021781360742035,0.47938160068583846,True
letta,432621.0,738,0.40270600007658613,0.6610842185581081,True
degasperi,441.0,573,0.40407128238472095,0.47938160068583846,True
d'alema,151246.0,884,0.4044797087785684,0.6541717992406154,True
amato,425596.0,22994,0.4054284523896209,0.6958575793325631,True
monti,390430.0,691,0.40778703571285285,0.6883838247262372,True
degasperi,367.0,410,0.4094696904800959,0.47938160068583846,True
amato,119099.0,3138,0.4104246621926653,0.6958575793325631,True
renzi,469812.0,602,0.4110115754764924,0.6171134762943974,True
berlusconi,284765.0,684,0.4110739343586635,0.5774101407240816,True
degasperi,333.0,776,0.41162888446305934,0.47938160068583846,True
d'alema,153482.0,13259,0.4153071515726863,0.6541717992406154,True
amato,130485.0,732,0.41631474495611887,0.6958575793325631,True
goria,25821.0,664,0.4177959656878005,0.4647971470165935,True
andreotti,32661.0,420,0.4198425305476287,0.5949400521546582,True
degasperi,80.0,875,0.4198508906377909,0.47938160068583846,True
degasperi,206.0,451,0.42009517757402154,0.47938160068583846,True
d'alema,230665.0,1038,0.421777664468347,0.6541717992406154,True
andreotti,25761.0,489,0.4232207776126382,0.5949400521546582,True
degasperi,72.0,783,0.423641231676001,0.47938160068583846,True
prodi,205645.0,820,0.42421386149809087,0.5494158906605255,True
andreotti,41556.0,687,0.42595974598342956,0.5949400521546582,True
berlusconi,193546.0,933,0.42683832740473454,0.5774101407240816,True
degasperi,446.0,1296,0.42723019727771205,0.47938160068583846,True
degasperi,425.0,724,0.42833111539196644,0.47938160068583846,True
berlusconi,129939.0,2215,0.4292164905694045,0.5774101407240816,True
letta,150625.0,821,0.430316968946393,0.6610842185581081,True
berlusconi,205448.0,782,0.4325389121955408,0.5774101407240816,True
degasperi,411.0,798,0.4326886112268326,0.47938160068583846,True
degasperi,462.0,582,0.4328928301228101,0.47938160068583846,True
prodi,99076.0,3172,0.4343272466287338,0.5494158906605255,True
andreotti,222504.0,943,0.4356577636786571,0.5949400521546582,True
degasperi,195.0,732,0.43769456110955585,0.47938160068583846,True
degasperi,373.0,943,0.4381258523642321,0.47938160068583846,True
prodi,264012.0,943,0.4393881571947806,0.5494158906605255,True
prodi,500339.0,1086,0.4394764162008371,0.5494158906605255,True
ciampi,104091.0,639,0.4396630586878629,0.5154356082000339,True
degasperi,189.0,688,0.4402321338409215,0.47938160068583846,True
amato,47433.0,1086,0.4404300850202601,0.6958575793325631,True
degasperi,399.0,740,0.4407529711952583,0.47938160068583846,True
prodi,74312.0,8152,0.44077013401973075,0.5494158906605255,True
letta,110197.0,11592,0.44165975619580083,0.6610842185581081,True
prodi,258782.0,964,0.44182006029286297,0.5494158906605255,True
meloni,598226.0,523,0.4423922859773811,0.5394966071212911,True
degasperi,252.0,772,0.4427609580911822,0.47938160068583846,True
d'alema,100650.0,16562,0.4429970764695085,0.6541717992406154,True
degasperi,371.0,594,0.44404589912135783,0.47938160068583846,True
dini,117534.0,796,0.44511684434426796,0.5438047711838553,True
degasperi,452.0,707,0.4454214092579462,0.47938160068583846,True
degasperi,433.0,919,0.44575270681825835,0.47938160068583846,True
amato,134281.0,440,0.4459993449944667,0.6958575793325631,True
letta,402289.0,620,0.44675307412422643,0.6610842185581081,True
meloni,262518.0,1753,0.44748964231283905,0.5394966071212911,True
renzi,446114.0,702,0.448697453411914,0.6171134762943974,True
andreotti,147924.0,815,0.44898225065169434,0.5949400521546582,True
letta,140351.0,2732,0.44933946839100974,0.6610842185581081,True
renzi,644851.0,1755,0.4502788947562206,0.6171134762943974,True
d'alema,131371.0,787,0.4520029372810907,0.6541717992406154,True
degasperi,98.0,756,0.45296896477148585,0.47938160068583846,True
prodi,205489.0,601,0.45322822143291586,0.5494158906605255,True
andreotti,37417.0,800,0.45341660598584715,0.5949400521546582,True
renzi,419732.0,1717,0.4534540890245337,0.6171134762943974,True
meloni,536904.0,650,0.45377143643791223,0.5394966071212911,True
degasperi,459.0,951,0.4548187276375192,0.47938160068583846,True
goria,24170.0,540,0.45734320996783884,0.4647971470165935,True
degasperi,215.0,1311,0.4578419446146171,0.47938160068583846,True
degasperi,409.0,935,0.4586684831001669,0.47938160068583846,True
dini,101007.0,1336,0.45883787104832346,0.5438047711838553,True
d'alema,127274.0,15779,0.4600138085220333,0.6541717992406154,True
degasperi,412.0,975,0.4605713800160547,0.47938160068583846,True
spadolini,44631.0,923,0.4622449754849288,0.5937424013789996,True
dini,113402.0,5774,0.46298469002322185,0.5438047711838553,True
degasperi,207.0,914,0.46366507929823947,0.47938160068583846,True
d'alema,101231.0,1425,0.4656376100847014,0.6541717992406154,True
berlusconi,97545.0,758,0.4659503154900189,0.5774101407240816,True
dini,242415.0,1352,0.46734684884757893,0.5438047711838553,True
prodi,100809.0,34079,0.468360514309187,0.5494158906605255,True
degasperi,294.0,880,0.47064017690733545,0.47938160068583846,True
prodi,228478.0,1175,0.471119509752867,0.5494158906605255,True
degasperi,254.0,2459,0.47137591617576446,0.47938160068583846,True
degasperi,142.0,1546,0.4723238009652128,0.47938160068583846,True
andreotti,28117.0,1105,0.47309598367187816,0.5949400521546582,True
d'alema,129606.0,7610,0.473099171210105,0.6541717992406154,True
degasperi,66.0,1339,0.47402096258804666,0.47938160068583846,True
dini,111482.0,1772,0.47613672478176533,0.5438047711838553,True
amato,117407.0,2225,0.47616861364108054,0.6958575793325631,True
d'alema,90612.0,754,0.476303328196289,0.6541717992406154,True
amato,108152.0,953,0.4764482021644856,0.6958575793325631,True
d'alema,231798.0,1251,0.4773962526783106,0.6541717992406154,True
berlusconi,141018.0,823,0.4778128442284284,0.5774101407240816,True
andreotti,75974.0,1179,0.47826974281555734,0.5949400521546582,True
degasperi,465.0,1216,0.4783964234009255,0.47938160068583846,True
andreotti,35803.0,671,0.47877693232066165,0.5949400521546582,True
degasperi,461.0,1202,0.4790345115929871,0.47938160068583846,True
prodi,257460.0,1037,0.4842831987961885,0.5494158906605255,True
dini,616090.0,2970,0.4886758094424265,0.5438047711838553,True
monti,110255.0,9840,0.4901255227756071,0.6883838247262372,True
meloni,,1338,0.4913369541416776,0.5394966071212911,True
dini,314276.0,879,0.49140617544252174,0.5438047711838553,True
d'alema,203971.0,1341,0.4921826574073301,0.6541717992406154,True
prodi,81783.0,1274,0.4922834734706013,0.5494158906605255,True
d'alema,55850.0,768,0.49369122054492665,0.6541717992406154,True
meloni,,994,0.49465273168774454,0.5394966071212911,True
dini,241411.0,1299,0.4948162634475757,0.5438047711838553,True
berlusconi,71778.0,757,0.49559060465161503,0.5774101407240816,True
andreotti,24250.0,1295,0.4958189497448337,0.5949400521546582,True
berlusconi,80353.0,950,0.49629298029750224,0.5774101407240816,True
prodi,95809.0,777,0.49683525486651586,0.5494158906605255,True
dini,245631.0,1710,0.49733417372711225,0.5438047711838553,True
d'alema,109971.0,935,0.4979305081146567,0.6541717992406154,True
prodi,231607.0,1258,0.4979402112727396,0.5494158906605255,True
meloni,723662.0,1213,0.49899857369463385,0.5394966071212911,True
prodi,220876.0,1112,0.5001380437501259,0.5494158906605255,True
forlani,368062.0,1210,0.5001771376133932,0.5285485636855317,True
amato,253687.0,1319,0.5018533984816134,0.6958575793325631,True
prodi,204940.0,1548,0.5047755394548853,0.5494158906605255,True
letta,158622.0,2136,0.5050661216986007,0.6610842185581081,True
meloni,,758,0.5064636948936967,0.5394966071212911,True
andreotti,106087.0,1708,0.5071539690714789,0.5949400521546582,True
meloni,470010.0,1360,0.5095186505372985,0.5394966071212911,True
d'alema,130538.0,17890,0.5096339354021245,0.6541717992406154,True
letta,122883.0,1608,0.5096712599545822,0.6610842185581081,True
berlusconi,261729.0,713,0.5100129548824442,0.5774101407240816,True
letta,379851.0,1253,0.5100907692024688,0.6610842185581081,True
meloni,,1278,0.5109500173343148,0.5394966071212911,True
ciampi,145661.0,1119,0.5113593353554423,0.5154356082000339,True
d'alema,106185.0,11291,0.5117017383424425,0.6541717992406154,True
berlusconi,101197.0,1402,0.5124283016601054,0.5774101407240816,True
prodi,217410.0,764,0.5127540262922508,0.5494158906605255,True
dini,100468.0,1207,0.5128660770890044,0.5438047711838553,True
dini,338579.0,1374,0.5134725841515569,0.5438047711838553,True
dini,198252.0,1970,0.5136437547970634,0.5438047711838553,True
d'alema,144252.0,824,0.5145553176852312,0.6541717992406154,True
meloni,470230.0,1746,0.5169266007703792,0.5394966071212911,True
prodi,88236.0,823,0.5172103187040271,0.5494158906605255,True
forlani,45170.0,16570,0.5175367279145352,0.5285485636855317,True
berlusconi,77932.0,1559,0.5181216568637858,0.5774101407240816,True
dini,95983.0,1746,0.5205596733080107,0.5438047711838553,True
d'alema,87931.0,709,0.5210154028971353,0.6541717992406154,True
amato,40511.0,4280,0.5212529315365314,0.6958575793325631,True
berlusconi,143051.0,3579,0.5216070089211579,0.5774101407240816,True
d'alema,157114.0,1554,0.5221768794915917,0.6541717992406154,True
prodi,205354.0,820,0.5233804504159345,0.5494158906605255,True
d'alema,493741.0,1030,0.5233867722802661,0.6541717992406154,True
andreotti,234882.0,943,0.5235934516715549,0.5949400521546582,True
d'alema,157924.0,1501,0.5240065475917338,0.6541717992406154,True
prodi,237516.0,1814,0.5248708875311175,0.5494158906605255,True
letta,138490.0,1864,0.5252726344038777,0.6610842185581081,True
prodi,130453.0,51312,0.5259130374124156,0.5494158906605255,True
amato,344765.0,3160,0.5262936049228005,0.6958575793325631,True
dini,129039.0,13514,0.5263567005260377,0.5438047711838553,True
meloni,,1904,0.526369420352241,0.5394966071212911,True
amato,106774.0,976,0.527017336983999,0.6958575793325631,True
de mita,14343.0,1670,0.5284895216973199,0.6566228235722846,True
dini,139521.0,1998,0.5286538676148879,0.5438047711838553,True
berlusconi,129586.0,3570,0.5297025257622595,0.5774101407240816,True
dini,222977.0,1313,0.5298442887432038,0.5438047711838553,True
renzi,305587.0,2161,0.5300678638297468,0.6171134762943974,True
dini,109261.0,1674,0.5302395154569439,0.5438047711838553,True
berlusconi,96191.0,9989,0.5327952603955536,0.5774101407240816,True
berlusconi,130239.0,2620,0.5328613025893576,0.5774101407240816,True
berlusconi,89334.0,763,0.5355631350169274,0.5774101407240816,True
letta,158830.0,1435,0.535842243773311,0.6610842185581081,True
d'alema,117274.0,19365,0.5364099969403269,0.6541717992406154,True
andreotti,218883.0,1261,0.5370060117966475,0.5949400521546582,True
d'alema,150639.0,2590,0.5375358650651804,0.6541717992406154,True
dini,137991.0,3624,0.5379193654703383,0.5438047711838553,True
prodi,146448.0,2972,0.5388310563235177,0.5494158906605255,True
andreotti,240521.0,2498,0.5390171447902836,0.5949400521546582,True
berlusconi,162099.0,901,0.5394903915619652,0.5774101407240816,True
prodi,159503.0,7625,0.5405420147230795,0.5494158906605255,True
prodi,208069.0,2103,0.5418586828405344,0.5494158906605255,True
d'alema,137146.0,1385,0.5421949679247687,0.6541717992406154,True
monti,209996.0,11420,0.5432745035157719,0.6883838247262372,True
prodi,250239.0,1473,0.5450271035779833,0.5494158906605255,True
letta,216047.0,4988,0.5460254715900807,0.6610842185581081,True
andreotti,89974.0,3645,0.5463363555536782,0.5949400521546582,True
renzi,433686.0,1581,0.5468689826568273,0.6171134762943974,True
renzi,475841.0,1225,0.5469619808841637,0.6171134762943974,True
prodi,261725.0,1174,0.5471159574956193,0.5494158906605255,True
prodi,217810.0,1342,0.5473442945827691,0.5494158906605255,True
prodi,213988.0,756,0.5489234788370689,0.5494158906605255,True
de mita,15813.0,845,0.5501814017226604,0.6566228235722846,True
berlusconi,340373.0,1194,0.5504551442219553,0.5774101407240816,True
d'alema,243149.0,3050,0.5506226394317649,0.6541717992406154,True
d'alema,485006.0,2169,0.5512605686783426,0.6541717992406154,True
spadolini,52432.0,1028,0.5530978137328316,0.5937424013789996,True
monti,353295.0,1585,0.5541154869833759,0.6883838247262372,True
andreotti,243802.0,1967,0.5558370743395702,0.5949400521546582,True
berlusconi,311219.0,3180,0.5601029270290564,0.5774101407240816,True
d'alema,87752.0,5601,0.5601991093456277,0.6541717992406154,True
amato,204170.0,1415,0.5603847739102185,0.6958575793325631,True
d'alema,222888.0,2341,0.5604587597898955,0.6541717992406154,True
monti,407690.0,1506,0.560671061730778,0.6883838247262372,True
amato,83216.0,9884,0.5610958936819718,0.6958575793325631,True
d'alema,237748.0,1351,0.5611147688182916,0.6541717992406154,True
berlusconi,80395.0,1458,0.5612648139465158,0.5774101407240816,True
fanfani,43018.0,1050,0.5613453912397343,0.57930082557577,True
berlusconi,261706.0,1174,0.5619441064068618,0.5774101407240816,True
andreotti,243311.0,1115,0.5628331658362733,0.5949400521546582,True
de mita,22403.0,1136,0.563365553855224,0.6566228235722846,True
d'alema,240332.0,2358,0.566654694774344,0.6541717992406154,True
d'alema,137035.0,1359,0.5669804940287476,0.6541717992406154,True
amato,204089.0,1421,0.5684465839515873,0.6958575793325631,True
spadolini,14093.0,2182,0.5688199596955343,0.5937424013789996,True
andreotti,107305.0,2273,0.5694272587226359,0.5949400521546582,True
andreotti,103794.0,1828,0.5695990595260676,0.5949400521546582,True
berlusconi,204874.0,1041,0.5700029196750271,0.5774101407240816,True
de mita,48270.0,4654,0.5702008690157644,0.6566228235722846,True
andreotti,102413.0,2440,0.5702645447580103,0.5949400521546582,True
letta,118109.0,834,0.5706593363689765,0.6610842185581081,True
amato,31644.0,6668,0.5716105655543726,0.6958575793325631,True
renzi,671887.0,1325,0.5719550778201719,0.6171134762943974,True
letta,462234.0,2705,0.5728088406312967,0.6610842185581081,True
letta,508245.0,1903,0.5734548454256368,0.6610842185581081,True
berlusconi,203972.0,2257,0.575118363556946,0.5774101407240816,True
d'alema,363126.0,1583,0.5752478610445747,0.6541717992406154,True
berlusconi,233354.0,1553,0.5773968657156678,0.5774101407240816,True
d'alema,475582.0,1912,0.5796241300985675,0.6541717992406154,True
d'alema,95755.0,2727,0.5797634933780696,0.6541717992406154,True
renzi,479736.0,1915,0.5803359673089495,0.6171134762943974,True
amato,92835.0,2155,0.5817699329993158,0.6958575793325631,True
d'alema,104221.0,1301,0.5823907015809912,0.6541717992406154,True
d'alema,90711.0,2770,0.5825240854078354,0.6541717992406154,True
amato,338334.0,2498,0.5827450484054749,0.6958575793325631,True
d'alema,255982.0,2118,0.5832133773762916,0.6541717992406154,True
amato,218751.0,2106,0.5839504060620753,0.6958575793325631,True
d'alema,265804.0,1306,0.586468410912377,0.6541717992406154,True
amato,311187.0,2040,0.5874797602091305,0.6958575793325631,True
andreotti,84572.0,1886,0.5902990671021902,0.5949400521546582,True
letta,110377.0,3334,0.593364549491659,0.6610842185581081,True
andreotti,163409.0,1422,0.5946502517272906,0.5949400521546582,True
monti,73384.0,2302,0.595983205678198,0.6883838247262372,True
d'alema,243151.0,1335,0.5966503916187776,0.6541717992406154,True
letta,247589.0,1823,0.5966839995356448,0.6610842185581081,True
de mita,193454.0,1266,0.5969484854790048,0.6566228235722846,True
d'alema,80236.0,3205,0.5976004365979276,0.6541717992406154,True
d'alema,105629.0,5649,0.5992496133890819,0.6541717992406154,True
letta,394478.0,1583,0.600239202599718,0.6610842185581081,True
amato,160503.0,1990,0.6020576845967353,0.6958575793325631,True
de mita,21366.0,2551,0.6032566322177803,0.6566228235722846,True
renzi,198054.0,1694,0.6057333555320462,0.6171134762943974,True
amato,331394.0,5986,0.6083271800757551,0.6958575793325631,True
d'alema,127514.0,2235,0.608691519184888,0.6541717992406154,True
letta,161521.0,2853,0.6090355143247034,0.6610842185581081,True
amato,201536.0,10675,0.6096581192606381,0.6958575793325631,True
monti,103946.0,2471,0.6107650472860876,0.6883838247262372,True
d'alema,94546.0,20323,0.6108357344633908,0.6541717992406154,True
renzi,430505.0,3170,0.611247575403244,0.6171134762943974,True
de mita,43013.0,1799,0.6121403631303651,0.6566228235722846,True
d'alema,132546.0,2126,0.6121521991914376,0.6541717992406154,True
d'alema,264004.0,1328,0.6122046394714111,0.6541717992406154,True
d'alema,119051.0,1059,0.6123375650507472,0.6541717992406154,True
monti,290309.0,3155,0.6134846611950828,0.6883838247262372,True
amato,50073.0,3869,0.6141414675912534,0.6958575793325631,True
renzi,158644.0,2430,0.6152276283657807,0.6171134762943974,True
letta,147637.0,2750,0.615728252606536,0.6610842185581081,True
monti,112271.0,2932,0.6157458629953126,0.6883838247262372,True
d'alema,269818.0,3141,0.6166908701903746,0.6541717992406154,True
letta,262873.0,2807,0.617133353495921,0.6610842185581081,True
monti,378432.0,2018,0.6174140823269993,0.6883838247262372,True
d'alema,75620.0,15575,0.6178270748277264,0.6541717992406154,True
monti,347283.0,1782,0.6196831711248428,0.6883838247262372,True
amato,140165.0,20967,0.6248915602879617,0.6958575793325631,True
d'alema,227053.0,2285,0.625031841435152,0.6541717992406154,True
d'alema,122596.0,10718,0.625638302717335,0.6541717992406154,True
d'alema,109531.0,1221,0.6266759192087109,0.6541717992406154,True
d'alema,106499.0,990,0.6272087530170187,0.6541717992406154,True
letta,279618.0,4026,0.6295170986641632,0.6610842185581081,True
amato,208907.0,2662,0.6299731710691855,0.6958575793325631,True
d'alema,135906.0,2314,0.6306241459050885,0.6541717992406154,True
letta,141284.0,1956,0.6307391046177581,0.6610842185581081,True
monti,215834.0,3589,0.6309133265766708,0.6883838247262372,True
d'alema,43370.0,1410,0.6311686283311742,0.6541717992406154,True
letta,110194.0,10129,0.6314973755667956,0.6610842185581081,True
letta,131290.0,2416,0.6327894446263816,0.6610842185581081,True
amato,647310.0,2479,0.6328292946200912,0.6958575793325631,True
d'alema,163401.0,1263,0.6340504436230694,0.6541717992406154,True
d'alema,95786.0,7535,0.6344844644019018,0.6541717992406154,True
d'alema,160587.0,2445,0.6348438527316574,0.6541717992406154,True
amato,61028.0,3171,0.6367173099578328,0.6958575793325631,True
d'alema,261877.0,2987,0.6367811170134549,0.6541717992406154,True
de mita,11419.0,4941,0.6369608173144773,0.6566228235722846,True
d'alema,60304.0,2791,0.6370919984813537,0.6541717992406154,True
letta,323299.0,2783,0.638767795861702,0.6610842185581081,True
monti,224739.0,2729,0.638992146911129,0.6883838247262372,True
letta,234984.0,3664,0.6393071702997022,0.6610842185581081,True
letta,254594.0,2635,0.6405071554947768,0.6610842185581081,True
letta,263674.0,2849,0.6405908583613427,0.6610842185581081,True
letta,301789.0,5684,0.6407613138456673,0.6610842185581081,True
de mita,109199.0,1960,0.6414221482968079,0.6566228235722846,True
d'alema,133681.0,1945,0.6416640855581573,0.6541717992406154,True
monti,353932.0,2413,0.6421872859782575,0.6883838247262372,True
monti,159378.0,8500,0.6428393880194295,0.6883838247262372,True
letta,264008.0,3193,0.6429140478819118,0.6610842185581081,True
amato,306016.0,3324,0.6441870275536583,0.6958575793325631,True
monti,378720.0,2602,0.6457517866114685,0.6883838247262372,True
amato,152221.0,3393,0.6468081827129152,0.6958575793325631,True
d'alema,332917.0,2560,0.6475053792635976,0.6541717992406154,True
de mita,27173.0,1449,0.6488289783251958,0.6566228235722846,True
letta,300455.0,1988,0.6492743027528074,0.6610842185581081,True
d'alema,261879.0,2917,0.6493560545479924,0.6541717992406154,True
monti,262993.0,3324,0.6494027961509042,0.6883838247262372,True
amato,137090.0,1709,0.6495918919660106,0.6958575793325631,True
letta,254943.0,2655,0.6504275036752023,0.6610842185581081,True
d'alema,52322.0,2245,0.6522867193998768,0.6541717992406154,True
d'alema,134219.0,2188,0.653836096462833,0.6541717992406154,True
d'alema,39939.0,2218,0.6541237524677411,0.6541717992406154,True
letta,399403.0,2099,0.6544512404135143,0.6610842185581081,True
letta,137242.0,2403,0.6560379981263654,0.6610842185581081,True
letta,140923.0,2348,0.6575913621003461,0.6610842185581081,True
amato,141507.0,7930,0.6578648961504083,0.6958575793325631,True
letta,263675.0,3639,0.6591669720681296,0.6610842185581081,True
letta,103050.0,4400,0.660631989410955,0.6610842185581081,True
amato,243339.0,4051,0.6609017223010552,0.6958575793325631,True
amato,36265.0,3271,0.6636170762952897,0.6958575793325631,True
amato,99343.0,3264,0.6644995709266499,0.6958575793325631,True
amato,61660.0,7513,0.665129023924981,0.6958575793325631,True
amato,363713.0,8072,0.6661271211833814,0.6958575793325631,True
amato,112673.0,12362,0.6677126620198011,0.6958575793325631,True
amato,198308.0,3329,0.6690872225101699,0.6958575793325631,True
amato,242114.0,3089,0.6694928332873534,0.6958575793325631,True
monti,375167.0,2667,0.6697141426114506,0.6883838247262372,True
amato,130034.0,1781,0.6698269071036548,0.6958575793325631,True
amato,79604.0,2619,0.670338870091922,0.6958575793325631,True
amato,142464.0,2151,0.670907205374183,0.6958575793325631,True
amato,270986.0,1940,0.6718490882054232,0.6958575793325631,True
amato,244604.0,2575,0.6745946843368216,0.6958575793325631,True
monti,43028.0,3366,0.6769945318581577,0.6883838247262372,True
amato,134970.0,2675,0.6770314772206744,0.6958575793325631,True
amato,8532.0,2817,0.6803610597146329,0.6958575793325631,True
monti,274393.0,3302,0.6804582667625694,0.6883838247262372,True
monti,124144.0,6781,0.6809131141128895,0.6883838247262372,True
amato,296238.0,4154,0.6861579534364355,0.6958575793325631,True
amato,207720.0,4628,0.6891133995628135,0.6958575793325631,True
amato,319434.0,5789,0.6903853891757031,0.6958575793325631,True
amato,44699.0,3890,0.6921943332241717,0.6958575793325631,True
amato,278386.0,3519,0.6957650068423985,0.6958575793325631,True
draghi,257271.0,11442,0.8125401510070026,0.8241737423300463,True
rumor,58767.0,9143,0.8898765414634843,0.8903948320811284,True
